{
  "version": 1,
  "author": "Anonymous maker",
  "editor": "wokwi",
  "parts": [
    { "type": "wokwi-breadboard-half", "id": "bb1", "top": -233.4, "left": -35.6, "attrs": {} },
    { "type": "wokwi-arduino-uno", "id": "uno", "top": 0.6, "left": 181.8, "attrs": {} },
    { "type": "wokwi-led", "id": "led1", "top": -157.2, "left": -25, "attrs": { "color": "red" } },
    {
      "type": "wokwi-led",
      "id": "led2",
      "top": -157.2,
      "left": -5.8,
      "attrs": { "color": "red" }
    },
    {
      "type": "wokwi-led",
      "id": "led3",
      "top": -157.2,
      "left": 13.4,
      "attrs": { "color": "red" }
    },
    {
      "type": "wokwi-led",
      "id": "led4",
      "top": -157.2,
      "left": 32.6,
      "attrs": { "color": "red" }
    }
  ],
  "connections": [
    [ "led1:A", "bb1:2b.f", "", [ "$bb" ] ],
    [ "led1:C", "bb1:1b.f", "", [ "$bb" ] ],
    [ "led2:A", "bb1:4b.f", "", [ "$bb" ] ],
    [ "led2:C", "bb1:3b.f", "", [ "$bb" ] ],
    [ "led3:A", "bb1:6b.f", "", [ "$bb" ] ],
    [ "led3:C", "bb1:5b.f", "", [ "$bb" ] ],
    [ "led4:A", "bb1:8b.f", "", [ "$bb" ] ],
    [ "led4:C", "bb1:7b.f", "", [ "$bb" ] ],
    [ "uno:13", "bb1:2b.g", "green", [ "v-67.2", "h-306.8" ] ],
    [ "bb1:4b.g", "uno:12", "green", [ "v48", "h297.1" ] ],
    [ "bb1:6b.g", "uno:11", "green", [ "v48", "h287.4" ] ],
    [ "bb1:8b.g", "uno:10", "green", [ "v48", "h277.7" ] ],
    [ "uno:GND.1", "bb1:bn.25", "black", [ "v0" ] ],
    [ "bb1:bn.1", "bb1:1b.j", "black", [ "v0" ] ],
    [ "bb1:bn.2", "bb1:3b.j", "black", [ "v0" ] ],
    [ "bb1:bn.4", "bb1:5b.j", "black", [ "v0" ] ],
    [ "bb1:bn.6", "bb1:7b.j", "black", [ "v0" ] ]
  ],
  "dependencies": {}
}