{
  "version": 1,
  "author": "Anonymous maker",
  "editor": "wokwi",
  "parts": [
    { "type": "wokwi-breadboard-mini", "id": "bb1", "top": -155, "left": 103.2, "attrs": {} },
    { "type": "wokwi-arduino-uno", "id": "uno", "top": 0, "left": 0, "attrs": {} },
    {
      "type": "wokwi-led",
      "id": "led1",
      "top": -157.2,
      "left": 99.8,
      "attrs": { "color": "limegreen" }
    },
    {
      "type": "wokwi-led",
      "id": "led2",
      "top": -157.2,
      "left": 119,
      "attrs": { "color": "yellow" }
    },
    {
      "type": "wokwi-led",
      "id": "led3",
      "top": -157.2,
      "left": 138.2,
      "attrs": { "color": "red" }
    }
  ],
  "connections": [
    [ "uno:GND.1", "bb1:1b.j", "black", [ "v0" ] ],
    [ "bb1:1b.i", "bb1:1t.e", "black", [ "v0" ] ],
    [ "led1:A", "bb1:2t.d", "", [ "$bb" ] ],
    [ "led1:C", "bb1:1t.d", "", [ "$bb" ] ],
    [ "uno:13", "bb1:2t.e", "green", [ "v0" ] ],
    [ "led2:A", "bb1:4t.d", "", [ "$bb" ] ],
    [ "led2:C", "bb1:3t.d", "", [ "$bb" ] ],
    [ "uno:12", "bb1:4t.e", "yellow", [ "h9.5", "v-114.6" ] ],
    [ "bb1:1b.h", "bb1:3t.e", "black", [ "h19.2", "v-48" ] ],
    [ "led3:A", "bb1:6t.d", "", [ "$bb" ] ],
    [ "led3:C", "bb1:5t.d", "", [ "$bb" ] ],
    [ "uno:11", "bb1:6t.e", "red", [ "h19.2", "v-114.6" ] ],
    [ "bb1:1b.g", "bb1:5t.e", "black", [ "h38.4", "v-38.4" ] ]
  ],
  "dependencies": {}
}