{
  "version": 1,
  "author": "Anonymous maker",
  "editor": "wokwi",
  "parts": [
    { "type": "wokwi-arduino-uno", "id": "uno", "top": 19.8, "left": -0.6, "attrs": {} },
    {
      "type": "wokwi-led",
      "id": "led1",
      "top": -13.2,
      "left": 80.6,
      "attrs": { "color": "red", "flip": "" }
    },
    {
      "type": "wokwi-led",
      "id": "led2",
      "top": -13.2,
      "left": 138.2,
      "attrs": { "color": "blue" }
    },
    {
      "type": "wokwi-led",
      "id": "led3",
      "top": -13.2,
      "left": 99.8,
      "attrs": { "color": "white" }
    },
    {
      "type": "wokwi-led",
      "id": "led4",
      "top": -13.2,
      "left": 119,
      "attrs": { "color": "white" }
    }
  ],
  "connections": [
    [ "led1:C", "uno:GND.1", "green", [ "v0" ] ],
    [ "led1:A", "uno:13", "green", [ "v0" ] ],
    [ "led2:C", "uno:GND.1", "green", [ "v0" ] ],
    [ "led2:A", "uno:12", "green", [ "v0" ] ],
    [ "led3:C", "uno:GND.1", "green", [ "v0" ] ],
    [ "led3:A", "uno:13", "green", [ "v0" ] ],
    [ "led4:C", "uno:GND.1", "green", [ "v0" ] ],
    [ "led4:A", "uno:12", "green", [ "v0" ] ]
  ],
  "dependencies": {}
}