{
  "version": 1,
  "author": "Anonymous maker",
  "editor": "wokwi",
  "parts": [
    { "type": "wokwi-arduino-uno", "id": "uno", "top": 173.4, "left": 76.2, "attrs": {} },
    { "type": "wokwi-led", "id": "led1", "top": 73.2, "left": 157.4, "attrs": { "color": "black" } },
    {
      "type": "wokwi-led",
      "id": "led2",
      "top": 73.2,
      "left": 186.2,
      "attrs": { "color": "white" }
    },
    { "type": "wokwi-led", "id": "led3", "top": 73.2, "left": 215, "attrs": { "color": "black" } },
    {
      "type": "wokwi-led",
      "id": "led4",
      "top": 73.2,
      "left": 243.8,
      "attrs": { "color": "white" }
    },
    {
      "type": "wokwi-led",
      "id": "led5",
      "top": 73.2,
      "left": 272.6,
      "attrs": { "color": "black" }
    },
    {
      "type": "wokwi-led",
      "id": "led6",
      "top": 73.2,
      "left": 301.4,
      "attrs": { "color": "white" }
    },
    {
      "type": "wokwi-led",
      "id": "led7",
      "top": 73.2,
      "left": 330.2,
      "attrs": { "color": "black" }
    },
    {
      "type": "wokwi-led",
      "id": "led8",
      "top": 73.2,
      "left": 359,
      "attrs": { "color": "white" }
    },
    {
      "type": "wokwi-led",
      "id": "led9",
      "top": 73.2,
      "left": 387.8,
      "attrs": { "color": "black" }
    },
    {
      "type": "wokwi-led",
      "id": "led10",
      "top": 73.2,
      "left": 416.6,
      "attrs": { "color": "white" }
    }
  ],
  "connections": [
    [ "led1:C", "uno:GND.1", "green", [ "v0" ] ],
    [ "led1:A", "uno:13", "green", [ "v0" ] ],
    [ "led2:C", "uno:GND.1", "green", [ "v0" ] ],
    [ "led2:A", "uno:12", "green", [ "v0" ] ],
    [ "led3:C", "uno:GND.1", "green", [ "v0" ] ],
    [ "led4:C", "uno:GND.1", "green", [ "v0" ] ],
    [ "led5:C", "uno:GND.1", "green", [ "v0" ] ],
    [ "led6:C", "uno:13", "green", [ "v0" ] ],
    [ "led7:C", "uno:GND.1", "green", [ "v0" ] ],
    [ "led8:C", "uno:GND.1", "green", [ "v0" ] ],
    [ "led9:C", "uno:GND.1", "green", [ "v0" ] ],
    [ "led10:C", "uno:GND.1", "green", [ "v0" ] ],
    [ "led3:A", "uno:11", "green", [ "v0" ] ],
    [ "led4:A", "uno:10", "green", [ "v0" ] ],
    [ "led5:A", "uno:9", "green", [ "v0" ] ],
    [ "led6:A", "uno:8", "green", [ "v0" ] ],
    [ "led7:A", "uno:7", "green", [ "v0" ] ],
    [ "led8:A", "uno:6", "green", [ "v0" ] ],
    [ "led9:A", "uno:5", "green", [ "v0" ] ],
    [ "led10:A", "uno:4", "green", [ "v0" ] ]
  ],
  "dependencies": {}
}