{
  "version": 1,
  "author": "Anonymous maker",
  "editor": "wokwi",
  "parts": [
    { "type": "wokwi-breadboard-half", "id": "bb1", "top": -79.8, "left": -35.6, "attrs": {} },
    { "type": "wokwi-arduino-uno", "id": "uno", "top": 192.6, "left": 162.6, "attrs": {} },
    { "type": "wokwi-led", "id": "led1", "top": -3.6, "left": -25, "attrs": { "color": "red" } },
    { "type": "wokwi-led", "id": "led2", "top": -3.6, "left": 147.8, "attrs": { "color": "red" } },
    { "type": "wokwi-led", "id": "led3", "top": -3.6, "left": 224.6, "attrs": { "color": "red" } },
    { "type": "wokwi-led", "id": "led4", "top": -3.6, "left": 205.4, "attrs": { "color": "red" } },
    { "type": "wokwi-led", "id": "led5", "top": -3.6, "left": 186.2, "attrs": { "color": "red" } },
    { "type": "wokwi-led", "id": "led6", "top": -3.6, "left": 167, "attrs": { "color": "red" } },
    { "type": "wokwi-led", "id": "led7", "top": -3.6, "left": 243.8, "attrs": { "color": "red" } },
    { "type": "wokwi-led", "id": "led8", "top": -3.6, "left": -5.8, "attrs": { "color": "red" } },
    { "type": "wokwi-led", "id": "led9", "top": -3.6, "left": 13.4, "attrs": { "color": "red" } },
    { "type": "wokwi-led", "id": "led10", "top": -3.6, "left": 32.6, "attrs": { "color": "red" } },
    { "type": "wokwi-led", "id": "led11", "top": -3.6, "left": 51.8, "attrs": { "color": "red" } },
    { "type": "wokwi-led", "id": "led12", "top": -3.6, "left": 71, "attrs": { "color": "red" } },
    { "type": "wokwi-led", "id": "led13", "top": -3.6, "left": 90.2, "attrs": { "color": "red" } },
    {
      "type": "wokwi-led",
      "id": "led14",
      "top": -3.6,
      "left": 109.4,
      "attrs": { "color": "red" }
    },
    {
      "type": "wokwi-led",
      "id": "led15",
      "top": -3.6,
      "left": 128.6,
      "attrs": { "color": "red" }
    }
  ],
  "connections": [
    [ "uno:GND.1", "bb1:bn.25", "black", [ "v0" ] ],
    [ "led7:A", "bb1:30b.f", "", [ "$bb" ] ],
    [ "led7:C", "bb1:29b.f", "", [ "$bb" ] ],
    [ "led3:A", "bb1:28b.f", "", [ "$bb" ] ],
    [ "led3:C", "bb1:27b.f", "", [ "$bb" ] ],
    [ "led4:A", "bb1:26b.f", "", [ "$bb" ] ],
    [ "led4:C", "bb1:25b.f", "", [ "$bb" ] ],
    [ "led5:A", "bb1:24b.f", "", [ "$bb" ] ],
    [ "led5:C", "bb1:23b.f", "", [ "$bb" ] ],
    [ "led6:A", "bb1:22b.f", "", [ "$bb" ] ],
    [ "led6:C", "bb1:21b.f", "", [ "$bb" ] ],
    [ "led2:A", "bb1:20b.f", "", [ "$bb" ] ],
    [ "led2:C", "bb1:19b.f", "", [ "$bb" ] ],
    [ "led1:A", "bb1:2b.f", "", [ "$bb" ] ],
    [ "led1:C", "bb1:1b.f", "", [ "$bb" ] ],
    [ "led8:A", "bb1:4b.f", "", [ "$bb" ] ],
    [ "led8:C", "bb1:3b.f", "", [ "$bb" ] ],
    [ "led9:A", "bb1:6b.f", "", [ "$bb" ] ],
    [ "led9:C", "bb1:5b.f", "", [ "$bb" ] ],
    [ "led10:A", "bb1:8b.f", "", [ "$bb" ] ],
    [ "led10:C", "bb1:7b.f", "", [ "$bb" ] ],
    [ "led11:A", "bb1:10b.f", "", [ "$bb" ] ],
    [ "led11:C", "bb1:9b.f", "", [ "$bb" ] ],
    [ "led12:A", "bb1:12b.f", "", [ "$bb" ] ],
    [ "led12:C", "bb1:11b.f", "", [ "$bb" ] ],
    [ "led13:A", "bb1:14b.f", "", [ "$bb" ] ],
    [ "led13:C", "bb1:13b.f", "", [ "$bb" ] ],
    [ "led14:A", "bb1:16b.f", "", [ "$bb" ] ],
    [ "led14:C", "bb1:15b.f", "", [ "$bb" ] ],
    [ "led15:A", "bb1:18b.f", "", [ "$bb" ] ],
    [ "led15:C", "bb1:17b.f", "", [ "$bb" ] ],
    [ "bb1:2b.g", "uno:13", "green", [ "v0" ] ],
    [ "bb1:4b.g", "uno:12", "green", [ "v0" ] ],
    [ "bb1:6b.g", "uno:11", "green", [ "v0" ] ],
    [ "bb1:8b.g", "uno:10", "green", [ "v0" ] ],
    [ "bb1:10b.g", "uno:9", "green", [ "v0" ] ],
    [ "bb1:12b.g", "uno:8", "green", [ "v153.6", "h240" ] ],
    [ "bb1:14b.g", "uno:7", "green", [ "v0" ] ],
    [ "bb1:16b.g", "uno:6", "green", [ "v0" ] ],
    [ "bb1:18b.g", "uno:6", "green", [ "v0" ] ],
    [ "bb1:20b.g", "uno:5", "green", [ "v0" ] ],
    [ "bb1:22b.g", "uno:4", "green", [ "v0" ] ],
    [ "bb1:24b.g", "uno:3", "green", [ "v0" ] ],
    [ "bb1:26b.g", "uno:2", "green", [ "v0" ] ],
    [ "bb1:28b.g", "uno:1", "green", [ "v0" ] ],
    [ "bb1:30b.g", "uno:0", "green", [ "v0" ] ],
    [ "bb1:bn.1", "bb1:1b.j", "green", [ "v-39.7", "h-8" ] ],
    [ "bb1:bn.2", "bb1:3b.j", "green", [ "v-39.7", "h1.6" ] ],
    [ "bb1:bn.4", "bb1:5b.j", "green", [ "v0" ] ],
    [ "bb1:bn.6", "bb1:7b.j", "green", [ "v0" ] ],
    [ "bb1:bn.7", "bb1:9b.j", "green", [ "v0" ] ],
    [ "bb1:bn.9", "bb1:11b.j", "green", [ "v0" ] ],
    [ "bb1:bn.11", "bb1:13b.j", "green", [ "v0" ] ],
    [ "bb1:bn.12", "bb1:15b.j", "green", [ "v0" ] ],
    [ "bb1:bn.14", "bb1:17b.j", "green", [ "v0" ] ],
    [ "bb1:bn.16", "bb1:19b.j", "green", [ "v0" ] ],
    [ "bb1:bn.17", "bb1:21b.j", "green", [ "v0" ] ],
    [ "bb1:bn.19", "bb1:23b.j", "green", [ "v0" ] ],
    [ "bb1:bn.21", "bb1:25b.j", "green", [ "v0" ] ],
    [ "bb1:bn.22", "bb1:27b.j", "green", [ "v0" ] ],
    [ "bb1:bn.24", "bb1:29b.j", "green", [ "v-39.7", "h1.6" ] ]
  ],
  "dependencies": {}
}